{
      "time": 47.61993598937988,
      "now": "29_05_2021_15_39_43",
      "fname": "data/bitcoin_query.csv",
      "distribution": "normal",
      "lstm_units": 128,
      "t2v_units": 64,
      "dense_cells": 1,
      "resample": null,
      "input_width": 24,
      "out_steps": 24,
      "max_epochs": 1,
      "patience": 3,
      "latent_dim": 2,
      "beta": 1,
      "min_df": 2.0,
      "number_states": 30,
      "batch_size": 256,
      "regularization": 1e-20,
      "mode": "anomaly",
      "time_index": 1,
      "train_size": 200,
      "val_size": 57,
      "test_size": 29,
      "total_data": 72894,
      "train": [
            27.291406631469727,
            0.00414308300241828,
            27.295534133911133,
            4.948092267486561e-18
      ],
      "val": [
            34.70322799682617,
            0.003831506473943591,
            34.70705795288086,
            4.981045488729449e-18
      ],
      "test": [
            36.7202033996582,
            0.003279238473623991,
            36.723480224609375,
            4.9951559492086846e-18
      ],
      "train_area_above": 5.981445369916708,
      "train_area_below": 7.240553650171485,
      "train_total_area": 13.22,
      "test_area_above": 0.6275308641975308,
      "test_area_below": 0.672139917695473,
      "test_total_area": 1.3,
      "val_area_above": 1.703803415872145,
      "val_area_below": 0.37537211056999825,
      "val_total_area": 2.08
}