{
      "time": 366.07378363609314,
      "now": "29_05_2021_09_04_59",
      "fname": "data/bitcoin_query.csv",
      "distribution": "normal",
      "lstm_units": 8,
      "t2v_units": 8,
      "dense_cells": null,
      "resample": null,
      "input_width": 96,
      "out_steps": 24,
      "max_epochs": 40,
      "patience": 3,
      "latent_dim": null,
      "beta": 1,
      "min_df": 2.0,
      "number_states": 30,
      "batch_size": 256,
      "time_index": 1,
      "train_size": 199,
      "val_size": 57,
      "test_size": 29,
      "total_data": 72894,
      "train": 0.739985466003418,
      "val": 1.5970641374588013,
      "test": 1.6833925247192383,
      "train_area_above": 3.130971548626519,
      "train_area_below": 2.6552484831824694,
      "train_total_area": 5.79,
      "test_area_above": 1.9935807617458994,
      "test_area_below": 2.0039616346955795,
      "test_total_area": 4.0,
      "val_area_above": 4.464699993095353,
      "val_area_below": 1.448904923013188,
      "val_total_area": 5.91
}