{
      "time": 532.5531988143921,
      "now": "31_05_2021_16_51_30",
      "fname": "data/bitcoin_query.csv",
      "distribution": "normal",
      "lstm_units": 32,
      "t2v_units": 8,
      "dense_cells": null,
      "resample": null,
      "input_width": 96,
      "label_width": 24,
      "shift": 24,
      "max_epochs": 40,
      "patience": 2,
      "latent_dim": 2,
      "beta": 1,
      "min_df": 2.0,
      "number_states": 10,
      "batch_size": 256,
      "regularization": 0.01,
      "time_index": 1,
      "train_size": 199,
      "val_size": 57,
      "test_size": 29,
      "total_data": 72894,
      "train": [
            12.08761215209961,
            0.00465040048584342,
            12.964282035827637,
            0.7305027842521667
      ],
      "val": [
            36.26334762573242,
            0.01402647141367197,
            37.149383544921875,
            0.7331295013427734
      ],
      "test": [
            39.09141540527344,
            0.01401770394295454,
            39.97744369506836,
            0.7344288229942322
      ],
      "train_area_above": 0.9238204166584854,
      "train_area_below": 1.485465059200063,
      "train_total_area": 2.41,
      "test_area_above": 1.4536641645815958,
      "test_area_below": 2.564150681123158,
      "test_total_area": 4.02,
      "val_area_above": 0.30105986328799283,
      "val_area_below": 0.701218670165021,
      "val_total_area": 1.0
}