{
      "time": 136.81737565994263,
      "now": "31_05_2021_12_10_48",
      "fname": "data/bitcoin_query.csv",
      "distribution": "student_t",
      "lstm_units": 32,
      "t2v_units": 8,
      "dense_cells": null,
      "resample": null,
      "input_width": 24,
      "label_width": 24,
      "shift": 0,
      "max_epochs": 40,
      "patience": 1,
      "latent_dim": 2,
      "beta": 1,
      "min_df": 2.0,
      "number_states": 10,
      "batch_size": 256,
      "regularization": 0.01,
      "time_index": 1,
      "train_size": 200,
      "val_size": 57,
      "test_size": 29,
      "total_data": 72894,
      "train": [
            7.97514533996582,
            0.0012942233588546515,
            8.443748474121094,
            0.5049551129341125
      ],
      "val": [
            33.526126861572266,
            0.004893746692687273,
            33.99833679199219,
            0.5041196346282959
      ],
      "test": [
            35.99247741699219,
            0.004316410981118679,
            36.464107513427734,
            0.5037086009979248
      ],
      "train_area_above": 0.37977951984321423,
      "train_area_below": 0.23780989710926026,
      "train_total_area": 0.62,
      "test_area_above": 1.750384087791495,
      "test_area_below": 0.7955418381344308,
      "test_total_area": 2.55,
      "val_area_above": 1.4287831812881544,
      "val_area_below": 1.7241065916729543,
      "val_total_area": 3.15
}