{
      "time": 185.41734766960144,
      "now": "31_05_2021_17_14_16",
      "fname": "data/bitcoin_query.csv",
      "distribution": "normal",
      "lstm_units": 32,
      "t2v_units": 8,
      "dense_cells": null,
      "resample": null,
      "input_width": 96,
      "label_width": 24,
      "shift": 24,
      "max_epochs": 40,
      "patience": 2,
      "latent_dim": 2,
      "beta": 1,
      "min_df": 2.0,
      "number_states": 10,
      "batch_size": 256,
      "regularization": 0.05,
      "time_index": 1,
      "train_size": 199,
      "val_size": 57,
      "test_size": 29,
      "total_data": 72894,
      "train": [
            20.570117950439453,
            0.1414491832256317,
            21.52962303161621,
            1.1016453504562378
      ],
      "val": [
            38.52364730834961,
            0.5061393976211548,
            39.84783172607422,
            1.0805975198745728
      ],
      "test": [
            43.05598449707031,
            0.4322974979877472,
            44.30632781982422,
            1.0710445642471313
      ],
      "train_area_above": 3.6999204775275385,
      "train_area_below": 3.41927487286222,
      "train_total_area": 7.12,
      "test_area_above": 4.340075062552127,
      "test_area_below": 0.5849457881567974,
      "test_total_area": 4.93,
      "val_area_above": 2.7042221915349027,
      "val_area_below": 0.7228785472623077,
      "val_total_area": 3.43
}