{
      "time": 294.8154101371765,
      "now": "31_05_2021_18_37_07",
      "fname": "data/bitcoin_query.csv",
      "distribution": "mix",
      "lstm_units": 32,
      "t2v_units": 8,
      "dense_cells": null,
      "resample": null,
      "input_width": 96,
      "label_width": 24,
      "shift": 24,
      "max_epochs": 40,
      "patience": 2,
      "latent_dim": 2,
      "beta": 1,
      "min_df": 2.0,
      "number_states": 10,
      "batch_size": 256,
      "regularization": 0.01,
      "time_index": 1,
      "train_size": 199,
      "val_size": 57,
      "test_size": 29,
      "total_data": 72894,
      "train": [
            12.94970989227295,
            0.0005181533633731306,
            13.605621337890625,
            0.5803064107894897
      ],
      "val": [
            37.85664749145508,
            0.0013754286337643862,
            38.513397216796875,
            0.5821640491485596
      ],
      "test": [
            43.2034797668457,
            0.0008005216950550675,
            43.85965347290039,
            0.5830743908882141
      ],
      "val_area_above": 6.612735621072981,
      "val_area_below": 4.742784644065456,
      "val_total_area": 11.36,
      "test_area_above": 10.925145954962469,
      "test_area_below": 5.393313872671671,
      "test_total_area": 16.32
}