{
      "time": 204.8857226371765,
      "now": "31_05_2021_21_15_57",
      "fname": "data/bitcoin_query.csv",
      "distribution": "student_t",
      "lstm_units": 32,
      "t2v_units": 8,
      "dense_cells": null,
      "resample": null,
      "input_width": 96,
      "label_width": 24,
      "shift": 24,
      "max_epochs": 40,
      "patience": 2,
      "latent_dim": 2,
      "beta": 1,
      "min_df": 2.0,
      "number_states": 10,
      "batch_size": 256,
      "regularization": 0.01,
      "time_index": 1,
      "train_size": 199,
      "val_size": 57,
      "test_size": 29,
      "total_data": 72894,
      "train": [
            13.430389404296875,
            0.005142481066286564,
            13.857766151428223,
            0.47969499230384827
      ],
      "val": [
            36.60774612426758,
            0.03126290440559387,
            37.06124496459961,
            0.4764968752861023
      ],
      "test": [
            40.670013427734375,
            0.029033906757831573,
            41.12128829956055,
            0.475002646446228
      ],
      "train_area_above": 0.7597292308900627,
      "train_area_below": 1.0828437628855858,
      "train_total_area": 1.84,
      "val_area_above": 2.034885728095008,
      "val_area_below": 2.583977767037216,
      "val_total_area": 4.62,
      "test_area_above": 3.9639282735613013,
      "test_area_below": 1.9918682235195997,
      "test_total_area": 5.96
}