{
      "time": 354.9031593799591,
      "now": "31_05_2021_22_47_26",
      "fname": "data/bitcoin_query.csv",
      "distribution": "normal",
      "lstm_units": 32,
      "t2v_units": 8,
      "dense_cells": null,
      "resample": null,
      "input_width": 96,
      "label_width": 24,
      "shift": 24,
      "max_epochs": 40,
      "patience": 2,
      "latent_dim": 2,
      "beta": 1,
      "min_df": 2.0,
      "number_states": 10,
      "batch_size": 256,
      "regularization": 0.01,
      "time_index": 1,
      "train_size": 199,
      "val_size": 57,
      "test_size": 29,
      "total_data": 72894,
      "train": [
            13.115226745605469,
            0.0031574536114931107,
            13.86728572845459,
            0.6309512853622437
      ],
      "val": [
            36.37826919555664,
            0.00808983575552702,
            37.13524627685547,
            0.6338693499565125
      ],
      "test": [
            38.97761917114258,
            0.006843501701951027,
            39.733360290527344,
            0.6352992057800293
      ],
      "val_area_above": 0.9263446799696193,
      "val_area_below": 1.257871297383139,
      "val_total_area": 2.18,
      "test_area_above": 0.8794022796775091,
      "test_area_below": 1.3179288295802056,
      "test_total_area": 2.2
}