{
      "time": 165.8323357105255,
      "now": "31_05_2021_18_55_33",
      "fname": "data/bitcoin_query.csv",
      "distribution": "mix",
      "lstm_units": 32,
      "t2v_units": 8,
      "dense_cells": null,
      "resample": null,
      "input_width": 96,
      "label_width": 24,
      "shift": 24,
      "max_epochs": 40,
      "patience": 2,
      "latent_dim": 2,
      "beta": 1,
      "min_df": 2.0,
      "number_states": 10,
      "batch_size": 256,
      "regularization": 0.1,
      "time_index": 1,
      "train_size": 199,
      "val_size": 57,
      "test_size": 29,
      "total_data": 72894,
      "train": [
            20.983905792236328,
            0.0013079786440357566,
            21.874011993408203,
            1.6918929815292358
      ],
      "val": [
            37.38532257080078,
            0.0023710494861006737,
            38.276485443115234,
            1.6322879791259766
      ],
      "test": [
            43.17164611816406,
            0.0056490711867809296,
            44.066097259521484,
            1.6052348613739014
      ],
      "val_area_above": 6.055530622108679,
      "val_area_below": 3.7846958503072567,
      "val_total_area": 9.84,
      "test_area_above": 10.32867667500695,
      "test_area_below": 5.261120378092856,
      "test_total_area": 15.59
}