{
      "time": 459.2583541870117,
      "now": "31_05_2021_22_58_23",
      "fname": "data/bitcoin_query.csv",
      "distribution": "normal",
      "lstm_units": 32,
      "t2v_units": 8,
      "dense_cells": null,
      "resample": null,
      "input_width": 96,
      "label_width": 24,
      "shift": 24,
      "max_epochs": 40,
      "patience": 2,
      "latent_dim": 2,
      "beta": 1,
      "min_df": 2.0,
      "number_states": 10,
      "batch_size": 256,
      "regularization": 0.01,
      "time_index": 1,
      "train_size": 199,
      "val_size": 57,
      "test_size": 29,
      "total_data": 72894,
      "train": [
            12.409049987792969,
            0.0032756852451711893,
            13.239664077758789,
            0.6633697152137756
      ],
      "val": [
            36.761322021484375,
            0.004131196532398462,
            37.592777252197266,
            0.6670190691947937
      ],
      "test": [
            41.494930267333984,
            0.002531695179641247,
            42.324790954589844,
            0.6688141226768494
      ],
      "train_area_above": 2.0387058453926055,
      "train_area_below": 1.0107861925425592,
      "train_total_area": 3.05,
      "val_area_above": 1.6955223365324863,
      "val_area_below": 1.642736311537665,
      "val_total_area": 3.34,
      "test_area_above": 1.8863636363636362,
      "test_area_below": 0.4305671392827357,
      "test_total_area": 2.32
}