{
      "time": 161.38630270957947,
      "now": "31_05_2021_15_57_30",
      "fname": "data/bitcoin_query.csv",
      "distribution": "poisson_approx",
      "lstm_units": 32,
      "t2v_units": 8,
      "dense_cells": null,
      "resample": null,
      "input_width": 24,
      "label_width": 24,
      "shift": 0,
      "max_epochs": 40,
      "patience": 1,
      "latent_dim": 2,
      "beta": 1,
      "min_df": 2.0,
      "number_states": 10,
      "batch_size": 256,
      "regularization": null,
      "time_index": 1,
      "train_size": 200,
      "val_size": 57,
      "test_size": 29,
      "total_data": 72894,
      "train": [
            22.43024444580078,
            0.002393794246017933,
            22.432641983032227,
            0.0
      ],
      "val": [
            33.0895881652832,
            0.007844924926757812,
            33.097434997558594,
            0.0
      ],
      "test": [
            35.09465026855469,
            0.007516070734709501,
            35.1021614074707,
            0.0
      ],
      "train_area_above": 5.8012003919647235,
      "train_area_below": 6.000181283684469,
      "train_total_area": 11.8,
      "test_area_above": 0.3413854595336076,
      "test_area_below": 0.20689986282578868,
      "test_total_area": 0.55,
      "val_area_above": 0.35560257905206116,
      "val_area_below": 1.1621338912133894,
      "val_total_area": 1.52
}