{
      "time": 278.48754954338074,
      "now": "31_05_2021_16_17_16",
      "fname": "data/bitcoin_query.csv",
      "distribution": "normal",
      "lstm_units": 32,
      "t2v_units": 8,
      "dense_cells": null,
      "resample": null,
      "input_width": 96,
      "label_width": 24,
      "shift": 24,
      "max_epochs": 40,
      "patience": 2,
      "latent_dim": 2,
      "beta": 1,
      "min_df": 2.0,
      "number_states": 10,
      "batch_size": 256,
      "regularization": null,
      "time_index": 1,
      "train_size": 199,
      "val_size": 57,
      "test_size": 29,
      "total_data": 72894,
      "train": [
            13.075221061706543,
            0.006665349006652832,
            13.08188533782959,
            0.0
      ],
      "val": [
            36.614471435546875,
            0.019536582753062248,
            36.634010314941406,
            0.0
      ],
      "test": [
            39.10045623779297,
            0.028884200379252434,
            39.12934112548828,
            0.0
      ],
      "train_area_above": 1.8529374226864854,
      "train_area_below": 1.1524740324765852,
      "train_total_area": 3.01,
      "test_area_above": 1.9930636641645818,
      "test_area_below": 2.2031276063386156,
      "test_total_area": 4.2,
      "val_area_above": 1.310691845612097,
      "val_area_below": 0.6884022647241594,
      "val_total_area": 2.0
}