{
      "time": 250.58259177207947,
      "now": "31_05_2021_20_57_12",
      "fname": "data/bitcoin_query.csv",
      "distribution": "normal",
      "lstm_units": 32,
      "t2v_units": 8,
      "dense_cells": null,
      "resample": null,
      "input_width": 96,
      "label_width": 24,
      "shift": 24,
      "max_epochs": 40,
      "patience": 2,
      "latent_dim": 2,
      "beta": 1,
      "min_df": 2.0,
      "number_states": 10,
      "batch_size": 256,
      "regularization": 0.01,
      "time_index": 1,
      "train_size": 199,
      "val_size": 57,
      "test_size": 29,
      "total_data": 72894,
      "train": [
            14.204468727111816,
            0.052994031459093094,
            15.023369789123535,
            0.6508313417434692
      ],
      "val": [
            36.809207916259766,
            0.14874938130378723,
            37.7238655090332,
            0.6551026105880737
      ],
      "test": [
            40.65353775024414,
            0.09900419414043427,
            41.518455505371094,
            0.6571560502052307
      ],
      "val_area_above": 1.7033936339156253,
      "val_area_below": 1.425170890008976,
      "val_total_area": 3.13,
      "test_area_above": 3.999652488184598,
      "test_area_below": 1.6799416180150126,
      "test_total_area": 5.68
}