{
      "time": 281.5404827594757,
      "now": "31_05_2021_21_50_32",
      "fname": "data/bitcoin_query.csv",
      "distribution": "poisson_approx",
      "lstm_units": 32,
      "t2v_units": 8,
      "dense_cells": null,
      "resample": null,
      "input_width": 96,
      "label_width": 24,
      "shift": 24,
      "max_epochs": 40,
      "patience": 2,
      "latent_dim": 2,
      "beta": 1,
      "min_df": 2.0,
      "number_states": 10,
      "batch_size": 256,
      "regularization": 0.01,
      "time_index": 1,
      "train_size": 199,
      "val_size": 57,
      "test_size": 29,
      "total_data": 72894,
      "train": [
            24.108219146728516,
            0.0003659932117443532,
            24.244226455688477,
            0.20565180480480194
      ],
      "val": [
            36.9123420715332,
            0.0009545094799250364,
            37.04893112182617,
            0.20342519879341125
      ],
      "test": [
            40.41752624511719,
            0.000788011762779206,
            40.553951263427734,
            0.20234587788581848
      ],
      "val_area_above": 2.268124697921701,
      "val_area_below": 1.0992715597597185,
      "val_total_area": 3.37,
      "test_area_above": 3.4553099805393384,
      "test_area_below": 0.6410202946900196,
      "test_total_area": 4.1
}