{
      "time": 107.9711651802063,
      "input_width": 120,
      "out_steps": 30,
      "resample": "6H",
      "hidden_units": 64,
      "t2v_units": 64,
      "dense_cells": 1,
      "latent_dim": 2,
      "train_size": 262,
      "val_size": 72,
      "test_size": 34,
      "total_data": 12173,
      "distribution": "locationscalemix",
      "max_epochs": 20,
      "patience": 2,
      "train": [
            0.24977357685565948,
            0.0006024980684742332,
            0.2503755986690521
      ],
      "val": [
            0.9744560122489929,
            0.0015486343763768673,
            0.9760054349899292
      ],
      "test": [
            1.1518309116363525,
            0.004446073900908232,
            1.1562734842300415
      ],
      "train_area": 1.0722223544816094,
      "train_outside": [
            0.9150101178431139,
            0.8962028329960718,
            0.8817997857397929,
            0.8650160695155339,
            0.8487084870848709,
            0.8288299012022379,
            0.8121652184263778,
            0.7951434353053208,
            0.7749077490774908,
            0.7549101297464588,
            0.7350315438638257,
            0.7164623259135817,
            0.6972979407213427,
            0.6771812879419117,
            0.6559933341268896,
            0.6376621830734437,
            0.6156409951196287,
            0.5940959409594095,
            0.5762409236995596,
            0.5554100702297345,
            0.5304130460659445,
            0.5120818950124986,
            0.4897036067134865,
            0.4679204856564695,
            0.4463754314962504,
            0.4245923104392334,
            0.3991191524818474,
            0.3785263659088204,
            0.35364837519342934,
            0.32996071896202833,
            0.3073443637662183,
            0.28199023925723127,
            0.25877871681942627,
            0.23354362575883825,
            0.20914176883704322,
            0.1825973098440662,
            0.15712415188668016,
            0.13284132841328414,
            0.10736817045589811,
            0.08094274491132009,
            0.06082609213188906
      ],
      "test_area": 2.1557377049180326,
      "test_outside": [
            0.9298724954462659,
            0.912568306010929,
            0.8907103825136612,
            0.8779599271402551,
            0.8661202185792349,
            0.8479052823315119,
            0.8351548269581056,
            0.8114754098360656,
            0.7896174863387978,
            0.7750455373406193,
            0.761384335154827,
            0.7377049180327869,
            0.7194899817850637,
            0.6967213114754098,
            0.6848816029143898,
            0.6648451730418944,
            0.6502732240437158,
            0.6366120218579235,
            0.6165755919854281,
            0.592896174863388,
            0.575591985428051,
            0.5591985428051002,
            0.5409836065573771,
            0.5136612021857924,
            0.49089253187613846,
            0.4690346083788707,
            0.4444444444444444,
            0.424408014571949,
            0.4034608378870674,
            0.3806921675774135,
            0.34972677595628415,
            0.3296903460837887,
            0.30327868852459017,
            0.2786885245901639,
            0.2604735883424408,
            0.23406193078324225,
            0.20856102003642987,
            0.1785063752276867,
            0.16029143897996356,
            0.1366120218579235,
            0.11566484517304189
      ]
}