{
      "time": 278.5046896934509,
      "input_width": 90,
      "out_steps": 30,
      "resample": "6H",
      "hidden_units": 100,
      "t2v_units": 128,
      "train_size": 136,
      "val_size": 37,
      "test_size": 17,
      "total_data": 6388,
      "distribution": "locationscalemix",
      "num_features": 1,
      "max_epochs": 20,
      "patience": 2,
      "train": [
            0.3523285686969757,
            0.4494878649711609
      ],
      "val": [
            0.8684740662574768,
            0.6660321950912476
      ],
      "test": [
            1.7591391801834106,
            1.0625097751617432
      ],
      "train_area": 0.7033782241497375,
      "train_outside": [
            0.8936315909609678,
            0.8694362017804155,
            0.8475233964848208,
            0.8301757589591418,
            0.8078064368865556,
            0.7893175074183977,
            0.7680894772882904,
            0.748915772654645,
            0.7297420680209997,
            0.708057521113901,
            0.6868294909837936,
            0.6678840447386442,
            0.6473407897740242,
            0.6267975348094043,
            0.6048847295138097,
            0.5836566993837023,
            0.5640264779730655,
            0.5441679981739329,
            0.5249942935402876,
            0.5090162063455832,
            0.4902990184889295,
            0.47181008902077154,
            0.4505820588906642,
            0.4295822871490527,
            0.40835425701894545,
            0.3818762839534353,
            0.3620178041543027,
            0.3437571330746405,
            0.3273225291029445,
            0.3035836566993837,
            0.28304040173476375,
            0.26067107966217756,
            0.24058434147454918,
            0.21296507646656015,
            0.19287833827893175,
            0.16776991554439627,
            0.14882446929924675,
            0.12440082173019859,
            0.10408582515407441,
            0.07966217758502625,
            0.06026021456288519
      ],
      "test_area": 10.81511839708561,
      "test_outside": [
            0.994535519125683,
            0.9927140255009107,
            0.9872495446265938,
            0.9872495446265938,
            0.9799635701275046,
            0.9799635701275046,
            0.9781420765027322,
            0.970856102003643,
            0.9599271402550091,
            0.9508196721311475,
            0.9453551912568307,
            0.936247723132969,
            0.930783242258652,
            0.9253187613843351,
            0.9216757741347905,
            0.912568306010929,
            0.907103825136612,
            0.8979963570127505,
            0.8797814207650273,
            0.8633879781420765,
            0.843351548269581,
            0.825136612021858,
            0.8069216757741348,
            0.7887067395264117,
            0.7595628415300546,
            0.7468123861566485,
            0.7249544626593807,
            0.7049180327868853,
            0.6830601092896175,
            0.6666666666666666,
            0.6247723132969034,
            0.5938069216757741,
            0.5573770491803278,
            0.5209471766848816,
            0.4772313296903461,
            0.43897996357012753,
            0.40619307832422585,
            0.3788706739526412,
            0.33515482695810567,
            0.2896174863387978,
            0.24043715846994534
      ]
}