{
      "time": 32455.673102617264,
      "input_width": 90,
      "out_steps": 30,
      "resample": null,
      "hidden_units": 64,
      "t2v_units": 64,
      "dense_cells": 1,
      "latent_dim": 2,
      "train_size": 1591,
      "val_size": 452,
      "test_size": 225,
      "total_data": 72894,
      "distribution": "locationscalemix",
      "num_features": 1,
      "max_epochs": 20,
      "patience": 2,
      "train": [
            0.4295024275779724,
            0.00016455956210847944,
            0.42966705560684204
      ],
      "val": [
            1.4531694650650024,
            9.583739301888272e-05,
            1.453265905380249
      ],
      "test": [
            1.5239522457122803,
            9.247304842574522e-05,
            1.5240447521209717
      ],
      "train_area": 0.5735447138509866,
      "train_outside": [
            0.8957691175026995,
            0.8742318641405713,
            0.8540885442230294,
            0.8338666928438205,
            0.8133110827525277,
            0.7917934622558163,
            0.7726710513399431,
            0.7527436929419848,
            0.7323058800431923,
            0.7108471581427309,
            0.6899774222047708,
            0.6693432806518111,
            0.6486895062334348,
            0.627525277314224,
            0.6065377441837636,
            0.5855305781878866,
            0.565897712771179,
            0.5451654068911358,
            0.5246883282615098,
            0.5037793265927162,
            0.48371453813684107,
            0.4632570923726318,
            0.44293707666633947,
            0.4228330224796309,
            0.4020418180033376,
            0.3826249141062138,
            0.3629135172278394,
            0.3437125748502994,
            0.3232551290860901,
            0.3028958476489644,
            0.28175125159517034,
            0.26131343869637774,
            0.2402670069696672,
            0.21986845980170805,
            0.20094237754000197,
            0.18162363796996173,
            0.16214783547658781,
            0.14200451555904584,
            0.12250908020025522,
            0.10267988612938059,
            0.08239913615392166
      ],
      "test_area": 0.8701388888888888,
      "test_outside": [
            0.9080555555555555,
            0.8894444444444445,
            0.8727777777777778,
            0.8551388888888889,
            0.8345833333333333,
            0.8119444444444445,
            0.7918055555555555,
            0.7744444444444445,
            0.7559722222222223,
            0.7355555555555555,
            0.7176388888888889,
            0.6973611111111111,
            0.6756944444444445,
            0.6559722222222222,
            0.6397222222222222,
            0.6230555555555556,
            0.6044444444444445,
            0.5872222222222222,
            0.5688888888888889,
            0.54875,
            0.5279166666666667,
            0.5081944444444444,
            0.48944444444444446,
            0.4726388888888889,
            0.45125,
            0.4330555555555556,
            0.41208333333333336,
            0.39111111111111113,
            0.3711111111111111,
            0.3498611111111111,
            0.3279166666666667,
            0.30791666666666667,
            0.28583333333333333,
            0.2644444444444444,
            0.24305555555555555,
            0.22055555555555556,
            0.19916666666666666,
            0.1786111111111111,
            0.15416666666666667,
            0.1301388888888889,
            0.10319444444444445
      ]
}