{
      "time": 1109.209278345108,
      "input_width": 90,
      "out_steps": 30,
      "resample": null,
      "train_size": 1591,
      "val_size": 452,
      "test_size": 225,
      "distribution": null,
      "num_features": 2,
      "train": [
            0.3012447953224182,
            0.3496573865413666
      ],
      "val": [
            1.0603967905044556,
            0.8008192181587219
      ],
      "test": [
            1.2663052082061768,
            0.89206862449646
      ]
}