{
      "time": 850.9090232849121,
      "input_width": 90,
      "out_steps": 30,
      "resample": null,
      "hidden_units": 128,
      "train_size": 1591,
      "val_size": 452,
      "test_size": 225,
      "distribution": null,
      "num_features": 1,
      "train": [
            0.31105202436447144,
            0.3569542467594147
      ],
      "val": [
            1.0478754043579102,
            0.7930055856704712
      ],
      "test": [
            1.2230150699615479,
            0.8612290620803833
      ]
}