{
      "time": 898.9511024951935,
      "input_width": 90,
      "out_steps": 30,
      "resample": null,
      "hidden_units": 128,
      "train_size": 1591,
      "val_size": 452,
      "test_size": 225,
      "total_data": 72894,
      "distribution": null,
      "num_features": 1,
      "max_epochs": 20,
      "patience": 4,
      "train": [
            0.30987662076950073,
            0.3561039865016937
      ],
      "val": [
            1.0078107118606567,
            0.776343584060669
      ],
      "test": [
            1.1733968257904053,
            0.8482879400253296
      ]
}