{
      "time": 355.5792715549469,
      "input_width": 90,
      "out_steps": 30,
      "resample": "6H",
      "hidden_units": 100,
      "t2v_units": 128,
      "train_size": 263,
      "val_size": 73,
      "test_size": 35,
      "total_data": 12173,
      "distribution": "normal",
      "num_features": 1,
      "max_epochs": 20,
      "patience": 2,
      "train": [
            0.14037984609603882,
            0.3602979779243469
      ],
      "val": [
            0.8297479152679443,
            0.6377821564674377
      ],
      "test": [
            0.9697281122207642,
            0.6873697638511658
      ],
      "train_area": 0.7610603724350611,
      "train_outside": [
            0.8955046850907366,
            0.8747479539793619,
            0.8537540030838572,
            0.8325228324042225,
            0.8092752935594829,
            0.7878069030957182,
            0.7657454631716285,
            0.7454631716285138,
            0.7237575613806192,
            0.7048985885422844,
            0.6834301980785198,
            0.66492705491638,
            0.6463053018621753,
            0.6256671806428656,
            0.6060965484521409,
            0.5854584272328313,
            0.5643458664452615,
            0.5434705254418218,
            0.5255604317400071,
            0.5046850907365674,
            0.4855888981141027,
            0.467797414304353,
            0.4464476337326533,
            0.42497924326888864,
            0.40374807258925394,
            0.3808563634207093,
            0.35760882457596965,
            0.33744514292491995,
            0.3176372909500652,
            0.2939153125370656,
            0.2726841418574309,
            0.2518088008539912,
            0.2331870477997865,
            0.2124303166884118,
            0.19108053611671214,
            0.16854465662436247,
            0.14861819475744278,
            0.12904756256671807,
            0.10900249080773336,
            0.09049934764559364,
            0.07258925394377891
      ],
      "test_area": 0.5432624113475174,
      "test_outside": [
            0.8962765957446809,
            0.874113475177305,
            0.8537234042553191,
            0.8324468085106383,
            0.8182624113475178,
            0.8049645390070922,
            0.7881205673758865,
            0.776595744680851,
            0.7562056737588653,
            0.7437943262411347,
            0.724290780141844,
            0.6976950354609929,
            0.6728723404255319,
            0.6595744680851063,
            0.6382978723404256,
            0.6196808510638298,
            0.600177304964539,
            0.5762411347517731,
            0.5620567375886525,
            0.5381205673758865,
            0.5212765957446809,
            0.49645390070921985,
            0.48404255319148937,
            0.46099290780141844,
            0.4423758865248227,
            0.41843971631205673,
            0.3953900709219858,
            0.37322695035460995,
            0.34929078014184395,
            0.33156028368794327,
            0.31117021276595747,
            0.2898936170212766,
            0.26773049645390073,
            0.24556737588652483,
            0.22340425531914893,
            0.2074468085106383,
            0.18971631205673758,
            0.16578014184397163,
            0.14804964539007093,
            0.1276595744680851,
            0.1099290780141844
      ]
}