{
      "time": 280.61128854751587,
      "fname": "data/bitcoin_query.csv",
      "distribution": "normal",
      "lstm_units": 8,
      "t2v_units": 8,
      "dense_cells": 1,
      "resample": null,
      "input_width": 96,
      "out_steps": 24,
      "max_epochs": 40,
      "patience": 3,
      "latent_dim": 2,
      "beta": 1,
      "min_df": 5.0,
      "time_index": 1,
      "train_size": 199,
      "val_size": 57,
      "test_size": 29,
      "total_data": 72894,
      "train": [
            0.5418093204498291,
            0.00023635783873032779,
            0.5420454740524292
      ],
      "val": [
            1.5168020725250244,
            0.0004933429881930351,
            1.517295241355896
      ],
      "test": [
            1.6429215669631958,
            0.0010581286624073982,
            1.6440026760101318
      ],
      "train_area_above": 1.9071305150307294,
      "train_area_below": 0.9493697107738224,
      "train_total_area": 2.86,
      "test_area_above": 0.7767111481790382,
      "test_area_below": 1.0505671392827354,
      "test_total_area": 1.83,
      "val_area_above": 0.1280321756542154,
      "val_area_below": 1.253176137540565,
      "val_total_area": 1.38
}