{
      "time": 422.0961458683014,
      "input_width": 90,
      "out_steps": 30,
      "resample": null,
      "hidden_units": 8,
      "t2v_units": 8,
      "dense_cells": 1,
      "latent_dim": null,
      "beta": 1,
      "train_size": 1591,
      "val_size": 452,
      "test_size": 225,
      "total_data": 72894,
      "distribution": "normal",
      "max_epochs": 40,
      "patience": 3,
      "train": 0.5235236287117004,
      "val": 1.4373756647109985,
      "test": 1.5491355657577515,
      "train_area_above": 0.9655884951408659,
      "train_area_below": 0.8652586630018652,
      "test_area_above": 1.0047222222222223,
      "test_area_below": 0.691527777777778
}