{
      "time": 235.09729480743408,
      "input_width": 90,
      "out_steps": 30,
      "resample": "6H",
      "hidden_units": 32,
      "t2v_units": 32,
      "dense_cells": 1,
      "latent_dim": 2,
      "train_size": 263,
      "val_size": 73,
      "test_size": 35,
      "total_data": 12173,
      "distribution": "normal",
      "num_features": 1,
      "max_epochs": 20,
      "patience": 2,
      "train": [
            0.2876323461532593,
            0.0018374366918578744,
            0.2894695997238159
      ],
      "val": [
            0.9763563871383667,
            0.0025008993688970804,
            0.9788501262664795
      ],
      "test": [
            1.0722358226776123,
            0.002212078310549259,
            1.0744532346725464
      ],
      "train_area": 0.45627090499347656,
      "train_outside": [
            0.9032143280749615,
            0.8868461629699917,
            0.866682481318942,
            0.8480607282647373,
            0.8292017554264025,
            0.8083264144229628,
            0.7904163207211481,
            0.7706084687462934,
            0.7502075673111137,
            0.7306369351203891,
            0.7145059897995493,
            0.6931562092278496,
            0.671450598979955,
            0.6491519392717353,
            0.6282765982682956,
            0.6076384770489859,
            0.5893725536709762,
            0.5690902621278615,
            0.5448938441466018,
            0.5238998932510971,
            0.5019570632190725,
            0.48155616178389277,
            0.4606808207804531,
            0.4375518918277784,
            0.4163207211481438,
            0.3943778911161191,
            0.3729095006523544,
            0.3527458190013047,
            0.331633258213735,
            0.31182540623888033,
            0.2876289882576207,
            0.265211718657336,
            0.24291305894911636,
            0.22357964654252166,
            0.20211125607875696,
            0.17862649744988732,
            0.15597200806547265,
            0.134266397817578,
            0.11149329854109832,
            0.09109239710591864,
            0.0733009132961689
      ],
      "test_area": 0.5319148936170214,
      "test_outside": [
            0.8936170212765957,
            0.8714539007092199,
            0.848404255319149,
            0.8262411347517731,
            0.8049645390070922,
            0.7881205673758865,
            0.776595744680851,
            0.7579787234042553,
            0.7358156028368794,
            0.7118794326241135,
            0.6950354609929078,
            0.6773049645390071,
            0.6524822695035462,
            0.6382978723404256,
            0.6161347517730497,
            0.5921985815602837,
            0.5762411347517731,
            0.5540780141843972,
            0.5336879432624113,
            0.5186170212765957,
            0.4929078014184397,
            0.4734042553191489,
            0.4521276595744681,
            0.425531914893617,
            0.40070921985815605,
            0.375886524822695,
            0.3519503546099291,
            0.3342198581560284,
            0.3182624113475177,
            0.300531914893617,
            0.2801418439716312,
            0.25975177304964536,
            0.23670212765957446,
            0.21453900709219859,
            0.19414893617021275,
            0.17819148936170212,
            0.16134751773049646,
            0.14095744680851063,
            0.12145390070921985,
            0.10549645390070922,
            0.08067375886524823
      ]
}