{
      "time": 354.37106704711914,
      "input_width": 90,
      "out_steps": 30,
      "resample": null,
      "hidden_units": 64,
      "t2v_units": 64,
      "dense_cells": 1,
      "latent_dim": 2,
      "beta": 1,
      "train_size": 1591,
      "val_size": 452,
      "test_size": 225,
      "total_data": 72894,
      "distribution": "normal",
      "max_epochs": 10,
      "patience": 2,
      "train": [
            0.5684810280799866,
            0.0003177989274263382,
            0.5687987804412842
      ],
      "val": [
            1.5103943347930908,
            0.0005136146210134029,
            1.5109080076217651
      ],
      "test": [
            1.6118355989456177,
            0.0006137109012342989,
            1.6124509572982788
      ],
      "train_area": 1.894031608913321,
      "train_outside": [
            0.8887209188181016,
            0.8654756061647197,
            0.8436045940905075,
            0.8204967114950427,
            0.7980759791891626,
            0.7757337783449495,
            0.752606262884068,
            0.7315598311573575,
            0.7082556199077256,
            0.6861686463139295,
            0.6630607637184647,
            0.640482968489251,
            0.6184941592225385,
            0.5961912241091587,
            0.5746343378816138,
            0.5520761755178168,
            0.5291449887111024,
            0.5065671934818887,
            0.4840090311180917,
            0.4620202218513792,
            0.44079709433591835,
            0.4186512221458722,
            0.39697653872582706,
            0.3771277117895357,
            0.35580641994699125,
            0.33599685874153334,
            0.31548051438107394,
            0.2957494846372828,
            0.27460488858348875,
            0.2557573377834495,
            0.23716501423382744,
            0.21886718366545596,
            0.19915578678708157,
            0.18172180229704527,
            0.1644645135957593,
            0.14724649062530676,
            0.13059782075193874,
            0.114400706783155,
            0.09834102287228821,
            0.0824776676155885,
            0.06720329832139
      ],
      "test_area": 0.2249999999999996,
      "test_outside": [
            0.8990277777777778,
            0.8811111111111111,
            0.8622222222222222,
            0.8441666666666666,
            0.8261111111111111,
            0.8073611111111111,
            0.7877777777777778,
            0.7677777777777778,
            0.75,
            0.7279166666666667,
            0.705,
            0.6848611111111111,
            0.6658333333333334,
            0.6452777777777777,
            0.6240277777777777,
            0.6083333333333333,
            0.5870833333333333,
            0.5673611111111111,
            0.54625,
            0.5266666666666666,
            0.5076388888888889,
            0.48694444444444446,
            0.46625,
            0.4473611111111111,
            0.4297222222222222,
            0.40708333333333335,
            0.38666666666666666,
            0.3684722222222222,
            0.3473611111111111,
            0.32513888888888887,
            0.3047222222222222,
            0.2836111111111111,
            0.2625,
            0.24263888888888888,
            0.22375,
            0.20055555555555554,
            0.18125,
            0.15944444444444444,
            0.13722222222222222,
            0.11458333333333333,
            0.09152777777777778
      ]
}