{
      "time": 53.745612382888794,
      "fname": "data/bitcoin_query.csv",
      "distribution": "poisson_approx",
      "lstm_units": 8,
      "t2v_units": 8,
      "dense_cells": 1,
      "resample": null,
      "input_width": 96,
      "out_steps": 24,
      "max_epochs": 40,
      "patience": 3,
      "latent_dim": 2,
      "beta": 1,
      "min_df": 5.0,
      "time_index": 1,
      "train_size": 199,
      "val_size": 57,
      "test_size": 29,
      "total_data": 72894,
      "train": [
            1.7565209865570068,
            0.00024345327983610332,
            1.7567654848098755
      ],
      "val": [
            1.6899774074554443,
            0.0011612132657319307,
            1.6911399364471436
      ],
      "test": [
            1.941794991493225,
            0.0021008013281971216,
            1.9438843727111816
      ],
      "train_area_above": 5.911018280351078,
      "train_area_below": 14.276929647155844,
      "train_total_area": 20.19,
      "test_area_above": 9.595426744509314,
      "test_area_below": 4.968654434250765,
      "test_total_area": 14.56,
      "val_area_above": 8.233256231443761,
      "val_area_below": 5.350462611337431,
      "val_total_area": 13.58
}